Question	Answer
Can you treat my child?	We treat patients ages 6+. Patients under 18 must be accompanied by a parent or legal guardian.
What is the youngest patient you accept?	We treat patients ages 6+. Patients under 18 must be accompanied by a parent or legal guardian.
Can I bring my 6 year old?	We treat patients ages 6+. Patients under 18 must be accompanied by a parent or legal guardian.
Do you treat children?	We treat patients ages 6+. Patients under 18 must be accompanied by a parent or legal guardian.
Are you accepting new patients?	We are always accepting new patients. We're excited to meet you!
What if I don't have insurance?	We accept patients no matter their insurance situation. There are many payment options available to you!
I don't have insurance. Is that a problem?	We accept patients no matter their insurance situation. There are many payment options available to you!
Can I be seen if I don't have insurance?	We accept patients no matter their insurance situation. There are many payment options available to you!